country_name,country_code,year,electricity_access_pct,access_gap_pct,is_nigeria,gdp_usd,gdp_billion_usd,gdp_growth_rate_pct,gdp_per_capita_usd,energy_use_per_capita
Ghana,GHA,2000,43.7,56.3,False,4982850662.20851,4.98285066220851,,253.746936203344,322.127334642966
Ghana,GHA,2001,44.8,55.2,False,5314872854.4405,5.3148728544405,6.663298074536916,263.542156494853,313.165728366048
Ghana,GHA,2002,46.8,53.2,False,6166197847.85031,6.16619784785031,16.017786628678053,297.46164468774,303.797214535662
Ghana,GHA,2003,48.3,51.7,False,7632723555.66221,7.632723555662211,23.783306082583255,358.39927142073,281.217826361178
Ghana,GHA,2004,50.8,49.2,False,8881417906.71432,8.881417906714319,16.359748154717145,406.132105329565,270.192103863779
Ghana,GHA,2005,41.3,58.7,False,10744568381.4456,10.7445683814456,20.978074608140517,478.611909191028,261.893368449293
Ghana,GHA,2006,55.1,44.9,False,20885037596.6963,20.8850375966963,94.3776320765188,906.441027564887,274.133659952501
Ghana,GHA,2007,56.9,43.1,False,24827339138.4906,24.8273391384906,18.87620035894939,1050.12461524926,263.025409302741
Ghana,GHA,2008,60.5,39.5,False,28679383241.0729,28.679383241072898,15.51533203415405,1182.65761256016,276.023736903457
Ghana,GHA,2009,61.1,38.9,False,26048720005.5233,26.0487200055233,-9.172663210490938,1047.70430093586,274.268692555035
Ghana,GHA,2010,64.2,35.8,False,32197655566.5347,32.1976555665347,23.605519041655775,1263.89251760539,296.099589771501
Ghana,GHA,2011,64.1,35.900000000000006,False,39336668080.559,39.336668080559,22.17246066028602,1507.43573198753,302.776311436787
Ghana,GHA,2012,56.5,43.5,False,41271701060.954,41.271701060954,4.919158319235839,1543.77524235764,328.520151456093
Ghana,GHA,2013,70.7,29.299999999999997,False,62845721959.827,62.845721959827,52.2731565316642,2294.79584693743,323.671149524462
Ghana,GHA,2014,78.3,21.700000000000003,False,54678533805.9064,54.678533805906405,-12.995615133741845,1949.90832923846,321.354700935333
Ghana,GHA,2015,74.0,26.0,False,49436806230.4839,49.4368062304839,-9.58644500971657,1722.77282833606,325.604049227551
Ghana,GHA,2016,79.3,20.700000000000003,False,56144179397.8516,56.1441793978516,13.567569749746045,1912.47991339951,327.930479432879
Ghana,GHA,2017,79.0,21.0,False,60385409434.8567,60.3854094348567,7.554175842433608,2012.28662641265,351.113971311685
Ghana,GHA,2018,80.4,19.599999999999994,False,67259353965.6087,67.25935396560871,11.383452716616205,2195.32166016377,378.657496575592
Ghana,GHA,2019,83.5,16.5,False,68352629246.1555,68.3526292461555,1.62546206005163,2186.65822682613,380.421155062376
Ghana,GHA,2020,85.4,14.599999999999994,False,70008243859.8666,70.0082438598666,2.422166684691529,2195.45481659987,392.373098140481
Ghana,GHA,2021,86.3,13.700000000000003,False,79514204730.3979,79.5142047303979,13.578344986854841,2445.18662529344,382.191892428598
Ghana,GHA,2022,85.1,14.900000000000006,False,73919003209.9866,73.9190032099866,-7.036732039743687,2229.89122647803,361.562855486466
Kenya,KEN,2000,15.2,84.8,False,12705350097.8044,12.7053500978044,,414.626365130846,460.259557885245
Kenya,KEN,2001,17.0,83.0,False,12986007425.8781,12.9860074258781,2.208969653832682,410.700452474814,452.428455522956
Kenya,KEN,2002,18.9,81.1,False,13147736898.5176,13.1477368985176,1.245413369448789,402.936385605382,445.351766080328
Kenya,KEN,2003,16.0,84.0,False,14904517649.8476,14.904517649847602,13.36184900024946,442.898457253405,435.103052843273
Kenya,KEN,2004,22.6,77.4,False,16095337093.8366,16.095337093836598,7.989654358262133,463.662781300121,449.67502007767
Kenya,KEN,2005,24.5,75.5,False,18737895512.7378,18.7378955127378,16.418161381119,523.456312433863,453.624918249435
Kenya,KEN,2006,26.4,73.6,False,25825512284.2891,25.8255122842891,37.8250415940959,699.80237063381,459.858505198544
Kenya,KEN,2007,28.3,71.7,False,31958195182.2406,31.9581951822406,23.746606961528904,840.201439476765,456.223752941816
Kenya,KEN,2008,30.3,69.7,False,35895153327.8497,35.8951533278497,12.319087868256396,915.54435473604,456.15344235827
Kenya,KEN,2009,23.0,77.0,False,42347217912.9176,42.3472179129176,17.974751427129256,1047.9678324485,470.588388726011
Kenya,KEN,2010,19.2,80.8,False,45405615063.7551,45.4056150637551,7.222191448625392,1091.51873101194,469.595821222952
Kenya,KEN,2011,36.2,63.8,False,46869473150.61,46.86947315061,3.2239582809294953,1096.14499807675,472.715162690229
Kenya,KEN,2012,38.1,61.9,False,56396704671.5777,56.396704671577695,20.327157274315777,1285.00536171512,462.749845582612
Kenya,KEN,2013,40.1,59.9,False,61671440407.8387,61.6714404078387,9.352914797022382,1370.87885214659,471.435474475568
Kenya,KEN,2014,36.0,64.0,False,68285796514.2896,68.2857965142896,10.725152619607359,1482.81566253497,497.485664126512
Kenya,KEN,2015,41.6,58.4,False,70120446896.8359,70.1204468968359,2.686723266327262,1489.11959777284,530.458901047223
Kenya,KEN,2016,53.1,46.9,False,74815144163.8931,74.8151441638931,6.695190168944909,1554.12610314423,533.407778503543
Kenya,KEN,2017,55.8,44.2,False,82036510877.2599,82.0365108772599,9.652279353425275,1667.48447230835,538.606903918261
Kenya,KEN,2018,61.2,38.8,False,92202979985.2863,92.2029799852863,12.392615189640498,1836.45275528993,546.495296692888
Kenya,KEN,2019,69.7,30.299999999999997,False,100378436207.371,100.378436207371,8.866802595088942,1960.40808854893,543.883187157453
Kenya,KEN,2020,71.5,28.5,False,100657505750.545,100.657505750545,0.2780174245766043,1927.66459027849,534.753957479746
Kenya,KEN,2021,76.5,23.5,False,109703658904.994,109.703658904994,8.98706270038887,2061.35622089594,539.778643234306
Kenya,KEN,2022,76.0,24.0,False,114448978152.637,114.448978152637,4.325579743655172,2109.56288513137,541.12804988998
Nigeria,NGA,2000,43.2,56.8,True,69171451627.2465,69.17145162724651,,547.318298903379,274.074132064522
Nigeria,NGA,2001,43.9,56.1,True,73557840064.489,73.557840064489,6.341327721268608,566.428231812933,283.010546626806
Nigeria,NGA,2002,44.6,55.4,True,95054059302.6995,95.0540593026995,29.223559608825546,712.164852077686,283.767136886797
Nigeria,NGA,2003,52.2,47.8,True,104738954264.226,104.738954264226,10.188828370480184,763.388745367223,296.852571416246
Nigeria,NGA,2004,46.1,53.9,True,135764731645.611,135.764731645611,29.62200415245311,962.48104194733,286.383177568012
Nigeria,NGA,2005,46.8,53.2,True,175670569969.346,175.67056996934602,29.393376203108403,1211.37703504386,305.406217610864
Nigeria,NGA,2006,47.6,52.4,True,238454997161.48,238.45499716148,35.73986650301737,1599.53891556365,287.970022263625
Nigeria,NGA,2007,50.1,49.9,True,278260846800.103,278.260846800103,16.69323357130854,1815.52697545827,281.735044345631
Nigeria,NGA,2008,50.3,49.7,True,339476276257.793,339.476276257793,21.999296761166676,2154.10543545364,287.532726671296
Nigeria,NGA,2009,50.0,50.0,True,295008835380.997,295.008835380997,-13.098836056228013,1820.48633854782,260.777838499638
Nigeria,NGA,2010,48.0,52.0,True,366990417129.04,366.99041712904,24.399805400770603,2202.25672957344,335.074608295017
Nigeria,NGA,2011,55.9,44.1,True,414466676831.16,414.46667683116,12.936648339083611,2418.41316975875,376.552072943772
Nigeria,NGA,2012,53.0,47.0,True,463971018239.281,463.971018239281,11.944106529048536,2633.19734671361,357.338084625584
Nigeria,NGA,2013,55.6,44.4,True,520117180313.906,520.117180313906,12.101221815037832,2872.79083379398,351.718781805646
Nigeria,NGA,2014,54.2,45.8,True,574183763411.508,574.183763411508,10.395077329491652,3088.72131316169,349.237811590683
Nigeria,NGA,2015,52.5,47.5,True,493026682800.63,493.02668280063,-14.134339175438182,2585.73360671797,320.318542380023
Nigeria,NGA,2016,59.3,40.7,True,404649125252.16,404.64912525216,-17.925512072986137,2070.4127339595,331.486140542982
Nigeria,NGA,2017,54.4,45.6,True,375745731053.427,375.745731053427,-7.1428287854870876,1876.34027111773,316.730326522651
Nigeria,NGA,2018,56.5,43.5,True,421739251509.08,421.73925150908,12.240596939506743,2057.87944554011,300.45746967174
Nigeria,NGA,2019,55.4,44.6,True,668219992691.462,668.219992691462,58.44387030621818,3189.81286498516,331.04474710561
Nigeria,NGA,2020,55.4,44.6,True,598586817819.073,598.586817819073,-10.420696123131535,2797.18458068686,324.45517224141
Nigeria,NGA,2021,59.5,40.5,True,609147716972.859,609.147716972859,1.7643053337299097,2787.48779224428,334.476501487262
Nigeria,NGA,2022,60.5,39.5,True,646950257577.814,646.950257577814,6.205808468398022,2899.16047470324,333.698006196423
South Africa,ZAF,2000,72.4,27.599999999999994,False,151752757215.309,151.752757215309,,3217.84693448467,2269.37063464901
South Africa,ZAF,2001,70.2,29.799999999999997,False,135429905922.526,135.429905922526,-10.756213984055584,2847.15191945908,2180.26593384169
South Africa,ZAF,2002,76.7,23.299999999999997,False,129087556612.449,129.087556612449,-4.683123174954574,2688.23676032806,2072.05766349373
South Africa,ZAF,2003,78.8,21.200000000000003,False,197018965308.697,197.01896530869698,52.62428887719515,4062.21755993786,2300.85052603256
South Africa,ZAF,2004,80.6,19.400000000000006,False,255806908594.573,255.806908594573,29.838722984746546,5221.46333731721,2478.00378605228
South Africa,ZAF,2005,80.8,19.200000000000003,False,288867217196.534,288.867217196534,12.923931094589047,5836.87663325127,2374.43550245537
South Africa,ZAF,2006,80.7,19.299999999999997,False,303858675363.643,303.858675363643,5.189740224800032,6077.38293388876,2397.99082240112
South Africa,ZAF,2007,82.0,18.0,False,333077117253.684,333.07711725368404,9.615799797413672,6591.85535960564,2576.78503956652
South Africa,ZAF,2008,81.9,18.099999999999994,False,316131258616.309,316.131258616309,-5.087668218428942,6184.75474328399,2738.08467369962
South Africa,ZAF,2009,82.6,17.400000000000006,False,329754060647.129,329.75406064712905,4.309223355654979,6374.70560042992,2735.00618529644
South Africa,ZAF,2010,82.8,17.200000000000003,False,417363822801.713,417.363822801713,26.568213286791178,7973.47195771517,2518.44190314477
South Africa,ZAF,2011,83.6,16.400000000000006,False,458199494830.834,458.199494830834,9.784190626536816,8646.05571071635,2536.41417638413
South Africa,ZAF,2012,85.2,14.799999999999997,False,434400545085.811,434.40054508581096,-5.194014837098305,8076.97678479741,2394.39798705356
South Africa,ZAF,2013,85.2,14.799999999999997,False,400886013595.573,400.886013595573,-7.715121877579034,7331.65467384919,2341.17923180198
South Africa,ZAF,2014,85.9,14.099999999999994,False,381198869776.106,381.198869776106,-4.910908126450131,6856.73137092522,2438.67891656885
South Africa,ZAF,2015,85.3,14.700000000000003,False,346709790458.563,346.70979045856296,-9.047529269381071,6112.27382485974,2257.19467617813
South Africa,ZAF,2016,83.9,16.099999999999994,False,323585509674.481,323.58550967448105,-6.669635937738438,5651.20585165749,2311.76901865151
South Africa,ZAF,2017,84.4,15.599999999999994,False,381448814653.456,381.448814653456,17.88192092939638,6618.33508255701,2283.45815447669
South Africa,ZAF,2018,84.7,15.299999999999997,False,405260723892.517,405.26072389251703,6.242491344662859,6914.1780318076,2184.87777550689
South Africa,ZAF,2019,85.0,15.0,False,389330032224.269,389.33003222426896,-3.930973501511381,6533.71121032856,2231.91074710296
South Africa,ZAF,2020,90.0,10.0,False,337974655408.055,337.974655408055,-13.190705202682985,5580.60383075189,2037.46194166103
South Africa,ZAF,2021,89.3,10.700000000000003,False,419986284375.368,419.986284375368,24.265615085337068,6828.75624590017,2124.62297436572
South Africa,ZAF,2022,86.5,13.5,False,407596043067.885,407.59604306788503,-2.950153795119903,6534.24867783397,1938.30644693274
